"RID";"TO_EPOCH(FD,0)";"TO_EPOCH(TD,0)";"KEY";"FROM_ID";"TO_ID";"RATE"
11436;1375315200;1377993599;"1.4";1;4;48.741
11438;1377993600;1380585599;"1.4";1;4;50.2578
11440;1380585600;1383263999;"1.4";1;4;48.8911
14595;1383264000;1669852799;"1.4";1;4;50
14621;1669852800;1672531199;"1.4";1;4;79.1916
14661;1672531200;1675209599;"1.4";1;4;91.3968
14701;1675209600;1677628799;"1.4";1;4;92.6604
14742;1677628800;1680307199;"1.4";1;4;99.5312
14787;1680307200;1682899199;"1.4";1;4;102.839
14817;1682899200;1685577599;"1.4";1;4;109.85
14855;1685577600;1688169599;"1.4";1;4;106.929
14895;1688169600;1690847999;"1.4";1;4;112.111
14955;1690848000;1693526399;"1.4";1;4;121.648
15054;1693526400;1696118399;"1.4";1;4;124.31
15056;1696118400;1698796799;"1.4";1;4;126.384
15095;1698796800;1701388799;"1.4";1;4;124.31
15135;1701388800;1704067199;"1.4";1;4;117.34
15175;1704067200;1706745599;"1.4";1;4;123.389
15254;1706745600;1709251199;"1.4";1;4;122.622
15260;1709251200;1711929599;"1.4";1;4;123.247
15295;1711929600;1714521599;"1.4";1;4;122.622
15294;1714521600;4070908800;"1.4";1;4;122.635
11443;1167609600;1170287999;"2.4";2;4;1.50578
11445;1170288000;1172707199;"2.4";2;4;1.4971
11447;1172707200;1175385599;"2.4";2;4;1.49807
11449;1175385600;1177977599;"2.4";2;4;1.51156
11451;1177977600;1180655999;"2.4";2;4;1.52351
11453;1180656000;1183247999;"2.4";2;4;1.51372
11455;1183248000;1185926399;"2.4";2;4;1.51109
11457;1185926400;1188604799;"2.4";2;4;1.53579
11459;1188604800;1191196799;"2.4";2;4;1.52745
11461;1191196800;1193875199;"2.4";2;4;1.5494
11463;1193875200;1196467199;"2.4";2;4;1.55957
11465;1196467200;1199145599;"2.4";2;4;1.59601
11467;1199145600;1201823999;"2.4";2;4;1.56282
11469;1201824000;1204329599;"2.4";2;4;1.57986
11471;1204329600;1207007999;"2.4";2;4;1.5898
11473;1207008000;1209599999;"2.4";2;4;1.62947
11475;1209600000;1212278399;"2.4";2;4;1.64434
11477;1212278400;1214870399;"2.4";2;4;1.63333
11479;1214870400;1217548799;"2.4";2;4;1.61652
11481;1217548800;1220227199;"2.4";2;4;1.62827
11483;1220227200;1222819199;"2.4";2;4;1.57673
11485;1222819200;1225497599;"2.4";2;4;1.58078
11487;1225497600;1228089599;"2.4";2;4;1.4925
11489;1228089600;1230767999;"2.4";2;4;1.47686
11492;1230768000;1233446399;"2.4";2;4;1.5574
11495;1233446400;1238543999;"2.4";2;4;1.48785
11497;1238544000;1241135999;"2.4";2;4;1.51273
11499;1241136000;1243814399;"2.4";2;4;1.48534
11501;1243814400;1246406399;"2.4";2;4;1.54438
11503;1246406400;1249084799;"2.4";2;4;1.54405
11505;1249084800;1251763199;"2.4";2;4;1.55839
11507;1251763200;1254355199;"2.4";2;4;1.56503
11509;1254355200;1257033599;"2.4";2;4;1.58755
11511;1257033600;1259625599;"2.4";2;4;1.59732
11513;1259625600;1262303999;"2.4";2;4;1.60274
11515;1262304000;1264982399;"2.4";2;4;1.56072
11517;1264982400;1267401599;"2.4";2;4;1.56093
11519;1267401600;1270079999;"2.4";2;4;1.52943
11521;1270080000;1272671999;"2.4";2;4;1.52385
11523;1272672000;1275350399;"2.4";2;4;1.51288
11525;1275350400;1277942399;"2.4";2;4;1.47908
11527;1277942400;1280620799;"2.4";2;4;1.4741
11529;1280620800;1283299199;"2.4";2;4;1.51295
11531;1283299200;1285891199;"2.4";2;4;1.5091
11533;1285891200;1288569599;"2.4";2;4;1.53818
11535;1288569600;1291161599;"2.4";2;4;1.57062
11537;1291161600;1293839999;"2.4";2;4;1.55204
11539;1293840000;1296518399;"2.4";2;4;1.52942
11541;1296518400;1298937599;"2.4";2;4;1.5546
11543;1298937600;1301615999;"2.4";2;4;1.56743
11545;1301616000;1304207999;"2.4";2;4;1.58832
11547;1304208000;1306886399;"2.4";2;4;1.6062
11549;1306886400;1309478399;"2.4";2;4;1.57918
11551;1309478400;1312156799;"2.4";2;4;1.58913
11553;1312156800;1314835199;"2.4";2;4;1.60455
11555;1314835200;1317427199;"2.4";2;4;1.61342
11557;1317427200;1320105599;"2.4";2;4;1.55919
11559;1320105600;1322697599;"2.4";2;4;1.57502
11561;1322697600;1325375999;"2.4";2;4;1.55621
11563;1325376000;1328054399;"2.4";2;4;1.54175
11565;1328054400;1330559999;"2.4";2;4;1.5401
11567;1330560000;1333238399;"2.4";2;4;1.54766
11569;1333238400;1335830399;"2.4";2;4;1.54183
11571;1335830400;1338508799;"2.4";2;4;1.54325
11573;1338508800;1341100799;"2.4";2;4;1.52261
11575;1341100800;1343779199;"2.4";2;4;1.51462
11577;1343779200;1346457599;"2.4";2;4;1.50057
11579;1346457600;1349049599;"2.4";2;4;1.52113
11581;1349049600;1351727999;"2.4";2;4;1.5455
11583;1351728000;1354319999;"2.4";2;4;1.53903
11585;1354320000;1356998399;"2.4";2;4;1.52549
11587;1356998400;1359676799;"2.4";2;4;1.54244
11589;1359676800;1362095999;"2.4";2;4;1.53704
11591;1362096000;1364774399;"2.4";2;4;1.51612
11593;1364774400;1367366399;"2.4";2;4;1.50414
11595;1367366400;1370044799;"2.4";2;4;1.50109
11597;1370044800;1372636799;"2.4";2;4;1.49158
11599;1372636800;1375315199;"2.4";2;4;1.51463
11601;1375315200;1377993599;"2.4";2;4;1.50851
11603;1377993600;1380585599;"2.4";2;4;1.52042
11605;1380585600;1383263999;"2.4";2;4;1.53213
11607;1383264000;1385855999;"2.4";2;4;1.54475
11609;1385856000;1388534399;"2.4";2;4;1.53096
11611;1388534400;1391212799;"2.4";2;4;1.53676
11613;1391212800;1393631999;"2.4";2;4;1.53677
11615;1393632000;1396310399;"2.4";2;4;1.54291
11617;1396310400;1398902399;"2.4";2;4;1.54503
11619;1398902400;1401580799;"2.4";2;4;1.55048
11621;1401580800;1404172799;"2.4";2;4;1.54161
11623;1404172800;1406851199;"2.4";2;4;1.54247
11625;1406851200;1409529599;"2.4";2;4;1.53847
11627;1409529600;1412121599;"2.4";2;4;1.52201
11629;1412121600;1414799999;"2.4";2;4;1.49844
11631;1414800000;1417391999;"2.4";2;4;1.48604
11633;1417392000;1420070399;"2.4";2;4;1.46203
11635;1420070400;1422748799;"2.4";2;4;1.45063
11637;1422748800;1425167999;"2.4";2;4;1.40124
11639;1425168000;1427846399;"2.4";2;4;1.41063
11641;1427846400;1430438399;"2.4";2;4;1.38738
11643;1430438400;1433116799;"2.4";2;4;1.38175
11645;1433116800;1435708799;"2.4";2;4;1.40693
11647;1435708800;1438387199;"2.4";2;4;1.40757
11649;1438387200;1441065599;"2.4";2;4;1.39597
11651;1441065600;1443657599;"2.4";2;4;1.41055
11653;1443657600;1446335999;"2.4";2;4;1.40274
11655;1446336000;1448927999;"2.4";2;4;1.4004
11657;1448928000;1451606399;"2.4";2;4;1.37556
11659;1451606400;1454284799;"2.4";2;4;1.38776
11661;1454284800;1456790399;"2.4";2;4;1.3792
11663;1456790400;1459468799;"2.4";2;4;1.38957
11665;1459468800;1462060799;"2.4";2;4;1.39815
11667;1462060800;1464739199;"2.4";2;4;1.40563
11669;1464739200;1467331199;"2.4";2;4;1.4052
11671;1467331200;1470009599;"2.4";2;4;1.42184
11673;1470009600;1472687999;"2.4";2;4;1.38545
11675;1472688000;1475279999;"2.4";2;4;1.40647
11677;1475280000;1477958399;"2.4";2;4;1.39891
11679;1477958400;1480550399;"2.4";2;4;1.37353
11681;1480550400;1483228799;"2.4";2;4;1.3535
11683;1483228800;1485907199;"2.4";2;4;1.33969
11685;1485907200;1488326399;"2.4";2;4;1.35805
11687;1488326400;1491004799;"2.4";2;4;1.35133
11689;1491004800;1493596799;"2.4";2;4;1.36223
11691;1493596800;1496275199;"2.4";2;4;1.36309
12755;1496275200;1498867199;"2.4";2;4;1.3834
12813;1498867200;1501545599;"2.4";2;4;1.37953
12817;1501545600;1504223999;"2.4";2;4;1.40183
12835;1504224000;1506815999;"2.4";2;4;1.40962
12857;1506816000;1509494399;"2.4";2;4;1.42271
12897;1509494400;1512086399;"2.4";2;4;1.4076
12915;1512086400;1514764799;"2.4";2;4;1.41085
12935;1514764800;1517443199;"2.4";2;4;1.41572
12959;1517443200;1519862399;"2.4";2;4;1.44191
12979;1519862400;1522540799;"2.4";2;4;1.4506
12999;1522540800;1525132799;"2.4";2;4;1.45562
13017;1525132800;1527811199;"2.4";2;4;1.44669
13041;1527811200;1530403199;"2.4";2;4;1.41801
13061;1530403200;1533081599;"2.4";2;4;1.41149
13079;1533081600;1535759999;"2.4";2;4;1.40519
13095;1535760000;1538351999;"2.4";2;4;1.39692
13121;1538352000;1541030399;"2.4";2;4;1.40515
13158;1541030400;1543622399;"2.4";2;4;1.39004
13195;1543622400;1546300799;"2.4";2;4;1.38559
13221;1546300800;1548979199;"2.4";2;4;1.38737
13243;1548979200;1551398399;"2.4";2;4;1.39223
13259;1551398400;1554076799;"2.4";2;4;1.39158
13297;1554076800;1556668799;"2.4";2;4;1.39169
13319;1556668800;1559347199;"2.4";2;4;1.3872
13335;1559347200;1561939199;"2.4";2;4;1.37656
13359;1561939200;1564617599;"2.4";2;4;1.38731
13379;1564617600;1567295999;"2.4";2;4;1.37988
13399;1567296000;1569887999;"2.4";2;4;1.37006
13417;1569888000;1572566399;"2.4";2;4;1.36774
13439;1572566400;1575158399;"2.4";2;4;1.37617
13459;1575158400;1577836799;"2.4";2;4;1.37522
13521;1577836800;1580515199;"2.4";2;4;1.37658
13675;1580515200;1583020799;"2.4";2;4;1.3796
13715;1583020800;1585699199;"2.4";2;4;1.36241
13735;1585699200;1588291199;"2.4";2;4;1.34588
13755;1588291200;1590969599;"2.4";2;4;1.35946
13775;1590969600;1593561599;"2.4";2;4;1.36187
13795;1593561600;1596239999;"2.4";2;4;1.38151
13815;1596240000;1598918399;"2.4";2;4;1.39609
13835;1598918400;1601510399;"2.4";2;4;1.4116
13855;1601510400;1604188799;"2.4";2;4;1.40775
13887;1604188800;1606780799;"2.4";2;4;1.41961
13895;1606780800;1609459199;"2.4";2;4;1.42766
13933;1609459200;1612137599;"2.4";2;4;1.44027
13941;1612137600;1614556799;"2.4";2;4;1.44246
13961;1614556800;1617235199;"2.4";2;4;1.44397
13981;1617235200;1619827199;"2.4";2;4;1.42638
14001;1619827200;1622505599;"2.4";2;4;1.43528
14021;1622505600;1625097599;"2.4";2;4;1.44498
14041;1625097600;1627775999;"2.4";2;4;1.42856
14061;1627776000;1630454399;"2.4";2;4;1.42019
14081;1630454400;1633046399;"2.4";2;4;1.41847
14101;1633046400;1635724799;"2.4";2;4;1.41901
14121;1635724800;1638316799;"2.4";2;4;1.41501
14161;1638316800;1640995199;"2.4";2;4;1.39476
14181;1640995200;1643673599;"2.4";2;4;1.39959
14201;1643673600;1646092799;"2.4";2;4;1.40202
14243;1646092800;1648771199;"2.4";2;4;1.40242
14277;1648771200;1651363199;"2.4";2;4;1.37855
14297;1651363200;1654041599;"2.4";2;4;1.36009
14373;1654041600;1656633599;"2.4";2;4;1.34968
14401;1656633600;1659311999;"2.4";2;4;1.3334
14441;1659312000;1661990399;"2.4";2;4;1.3154
14482;1661990400;1664582399;"2.4";2;4;1.30226
14521;1664582400;1667260799;"2.4";2;4;1.27995
14561;1667260800;1669852799;"2.4";2;4;1.27273
14617;1669852800;1672531199;"2.4";2;4;1.30886
14657;1672531200;1675209599;"2.4";2;4;1.33084
14697;1675209600;1677628799;"2.4";2;4;1.35016
14738;1677628800;1680307199;"2.4";2;4;1.33066
14785;1680307200;1682899199;"2.4";2;4;1.34769
14821;1682899200;1685577599;"2.4";2;4;1.34808
14859;1685577600;1688169599;"2.4";2;4;1.33383
14899;1688169600;1690847999;"2.4";2;4;1.33339
14979;1690848000;1693526399;"2.4";2;4;1.34589
15037;1693526400;1696118399;"2.4";2;4;1.32718
15078;1696118400;1698796799;"2.4";2;4;1.31593
15117;1698796800;1701388799;"2.4";2;4;1.31256
15157;1701388800;1704067199;"2.4";2;4;1.33092
15195;1704067200;1706745599;"2.4";2;4;1.34208
15237;1706745600;1709251199;"2.4";2;4;1.33118
15280;1709251200;1711929599;"2.4";2;4;1.32717
15317;1711929600;1714521599;"2.4";2;4;1.32404
15316;1714521600;4070908800;"2.4";2;4;1.31453
13167;1541030400;1543622399;"2.401";2;401;1.39004
13435;1543622400;1546300799;"2.401";2;401;1.38559
13437;1546300800;1572566399;"2.401";2;401;1.37617
13441;1572566400;1575158399;"2.401";2;401;1.37617
14935;1575158400;1690847999;"2.401";2;401;1.37522
14957;1690848000;1693526399;"2.401";2;401;1.34589
15039;1693526400;1696118399;"2.401";2;401;1.32718
15080;1696118400;1698796799;"2.401";2;401;1.31593
15121;1698796800;1701388799;"2.401";2;401;1.31256
15159;1701388800;1704067199;"2.401";2;401;1.33092
15197;1704067200;1706745599;"2.401";2;401;1.34208
15241;1706745600;1709251199;"2.401";2;401;1.33118
15258;1709251200;1711929599;"2.401";2;401;1.32717
15335;1711929600;1714521599;"2.401";2;401;1.32404
15334;1714521600;4070908800;"2.401";2;401;1.31453
14994;1672531200;4070908800;"3.2";3;2;1
11694;1167609600;1170287999;"3.4";3;4;1.14144
11696;1170288000;1172707199;"3.4";3;4;1.14808
11698;1172707200;1175385599;"3.4";3;4;1.1406
11700;1175385600;1177977599;"3.4";3;4;1.13421
11702;1177977600;1180655999;"3.4";3;4;1.12378
11704;1180656000;1183247999;"3.4";3;4;1.1221
11706;1183248000;1185926399;"3.4";3;4;1.12424
11708;1185926400;1188604799;"3.4";3;4;1.1112
11710;1188604800;1191196799;"3.4";3;4;1.12527
11712;1191196800;1193875199;"3.4";3;4;1.10286
11714;1193875200;1196467199;"3.4";3;4;1.09413
11716;1196467200;1199145599;"3.4";3;4;1.07773
11718;1199145600;1201823999;"3.4";3;4;1.0868
11720;1201824000;1204329599;"3.4";3;4;1.08403
11722;1204329600;1207007999;"3.4";3;4;1.07072
11724;1207008000;1209599999;"3.4";3;4;1.05623
11726;1209600000;1212278399;"3.4";3;4;1.03158
11728;1212278400;1214870399;"3.4";3;4;1.03756
11730;1214870400;1217548799;"3.4";3;4;1.0415
11732;1217548800;1220227199;"3.4";3;4;1.03441
11734;1220227200;1222819199;"3.4";3;4;1.06478
11736;1222819200;1225497599;"3.4";3;4;1.0731
11738;1225497600;1228089599;"3.4";3;4;1.16511
11740;1228089600;1230767999;"3.4";3;4;1.17192
11743;1230768000;1233446399;"3.4";3;4;1.10407
11745;1233446400;1238543999;"3.4";3;4;1.16284
11747;1238544000;1241135999;"3.4";3;4;1.11575
11749;1241136000;1243814399;"3.4";3;4;1.13819
11751;1243814400;1246406399;"3.4";3;4;1.10534
11753;1246406400;1249084799;"3.4";3;4;1.10463
11755;1249084800;1251763199;"3.4";3;4;1.09522
11757;1251763200;1254355199;"3.4";3;4;1.09214
11759;1254355200;1257033599;"3.4";3;4;1.0739
11761;1257033600;1259625599;"3.4";3;4;1.06346
11763;1259625600;1262303999;"3.4";3;4;1.07078
11765;1262304000;1264982399;"3.4";3;4;1.09325
11767;1264982400;1267401599;"3.4";3;4;1.1043
11769;1267401600;1270079999;"3.4";3;4;1.12649
11771;1270080000;1272671999;"3.4";3;4;1.12719
11773;1272672000;1275350399;"3.4";3;4;1.13657
11775;1275350400;1277942399;"3.4";3;4;1.18355
11777;1277942400;1280620799;"3.4";3;4;1.20129
11779;1280620800;1283299199;"3.4";3;4;1.1731
11781;1283299200;1285891199;"3.4";3;4;1.18789
11783;1285891200;1288569599;"3.4";3;4;1.15453
11785;1288569600;1291161599;"3.4";3;4;1.12718
11787;1291161600;1293839999;"3.4";3;4;1.15
11789;1293840000;1296518399;"3.4";3;4;1.17071
11791;1296518400;1298937599;"3.4";3;4;1.14977
11793;1298937600;1301615999;"3.4";3;4;1.14153
11795;1301616000;1304207999;"3.4";3;4;1.1236
11797;1304208000;1306886399;"3.4";3;4;1.10354
11799;1306886400;1309478399;"3.4";3;4;1.12637
11801;1309478400;1312156799;"3.4";3;4;1.11816
11803;1312156800;1314835199;"3.4";3;4;1.11497
11805;1314835200;1317427199;"3.4";3;4;1.11562
11807;1317427200;1320105599;"3.4";3;4;1.16098
11809;1320105600;1322697599;"3.4";3;4;1.14148
11811;1322697600;1325375999;"3.4";3;4;1.16248
11813;1325376000;1328054399;"3.4";3;4;1.18078
11815;1328054400;1330559999;"3.4";3;4;1.18314
11817;1330560000;1333238399;"3.4";3;4;1.16365
11819;1333238400;1335830399;"3.4";3;4;1.16435
11821;1335830400;1338508799;"3.4";3;4;1.17527
11823;1338508800;1341100799;"3.4";3;4;1.20279
11825;1341100800;1343779199;"3.4";3;4;1.20793
11827;1343779200;1346457599;"3.4";3;4;1.23963
11829;1346457600;1349049599;"3.4";3;4;1.21186
11831;1349049600;1351727999;"3.4";3;4;1.18995
11833;1351728000;1354319999;"3.4";3;4;1.18342
11835;1354320000;1356998399;"3.4";3;4;1.19132
11837;1356998400;1359676799;"3.4";3;4;1.16772
11839;1359676800;1362095999;"3.4";3;4;1.15306
11841;1362096000;1364774399;"3.4";3;4;1.1498
11843;1364774400;1367366399;"3.4";3;4;1.16168
11845;1367366400;1370044799;"3.4";3;4;1.15557
11847;1370044800;1372636799;"3.4";3;4;1.15734
11849;1372636800;1375315199;"3.4";3;4;1.14918
11851;1375315200;1377993599;"3.4";3;4;1.14455
11853;1377993600;1380585599;"3.4";3;4;1.13847
11855;1380585600;1383263999;"3.4";3;4;1.13424
11857;1383264000;1385855999;"3.4";3;4;1.12329
11859;1385856000;1388534399;"3.4";3;4;1.13253
11861;1388534400;1391212799;"3.4";3;4;1.12156
11863;1391212800;1393631999;"3.4";3;4;1.12675
11865;1393632000;1396310399;"3.4";3;4;1.12563
11867;1396310400;1398902399;"3.4";3;4;1.12121
11869;1398902400;1401580799;"3.4";3;4;1.12078
11871;1401580800;1404172799;"3.4";3;4;1.13104
11873;1404172800;1406851199;"3.4";3;4;1.1345
11875;1406851200;1409529599;"3.4";3;4;1.14257
11877;1409529600;1412121599;"3.4";3;4;1.14721
11879;1412121600;1414799999;"3.4";3;4;1.1623
11881;1414800000;1417391999;"3.4";3;4;1.17297
11883;1417392000;1420070399;"3.4";3;4;1.17697
11885;1420070400;1422748799;"3.4";3;4;1.18778
11887;1422748800;1425167999;"3.4";3;4;1.25133
11889;1425168000;1427846399;"3.4";3;4;1.24856
11891;1427846400;1430438399;"3.4";3;4;1.27142
11893;1430438400;1433116799;"3.4";3;4;1.28272
11895;1433116800;1435708799;"3.4";3;4;1.26023
11897;1435708800;1438387199;"3.4";3;4;1.25631
11899;1438387200;1441065599;"3.4";3;4;1.26918
11901;1441065600;1443657599;"3.4";3;4;1.25037
11903;1443657600;1446335999;"3.4";3;4;1.25806
11905;1446336000;1448927999;"3.4";3;4;1.26344
11907;1448928000;1451606399;"3.4";3;4;1.29391
11909;1451606400;1454284799;"3.4";3;4;1.27131
11911;1454284800;1456790399;"3.4";3;4;1.27609
11913;1456790400;1459468799;"3.4";3;4;1.26302
11915;1459468800;1462060799;"3.4";3;4;1.25159
11917;1462060800;1464739199;"3.4";3;4;1.248
11919;1464739200;1467331199;"3.4";3;4;1.25297
11921;1467331200;1470009599;"3.4";3;4;1.24843
11923;1470009600;1472687999;"3.4";3;4;1.2579
11925;1472688000;1475279999;"3.4";3;4;1.24038
11927;1475280000;1477958399;"3.4";3;4;1.24747
11929;1477958400;1480550399;"3.4";3;4;1.26174
11931;1480550400;1483228799;"3.4";3;4;1.27665
11933;1483228800;1485907199;"3.4";3;4;1.28249
11935;1485907200;1488326399;"3.4";3;4;1.26743
11937;1488326400;1491004799;"3.4";3;4;1.2781
11939;1491004800;1493596799;"3.4";3;4;1.26296
11941;1493596800;1496275199;"3.4";3;4;1.27415
12757;1496275200;1498867199;"3.4";3;4;1.23352
12811;1498867200;1501545599;"3.4";3;4;1.2347
12815;1501545600;1504223999;"3.4";3;4;1.20412
12837;1504224000;1506815999;"3.4";3;4;1.19469
12855;1506816000;1509494399;"3.4";3;4;1.18946
12895;1509494400;1512086399;"3.4";3;4;1.19897
12917;1512086400;1514764799;"3.4";3;4;1.20082
12937;1514764800;1517443199;"3.4";3;4;1.1944
12957;1517443200;1519862399;"3.4";3;4;1.17716
12977;1519862400;1522540799;"3.4";3;4;1.17944
12997;1522540800;1525132799;"3.4";3;4;1.17902
13015;1525132800;1527811199;"3.4";3;4;1.18213
13039;1527811200;1530403199;"3.4";3;4;1.21115
13059;1530403200;1533081599;"3.4";3;4;1.21178
13077;1533081600;1535759999;"3.4";3;4;1.19938
13101;1535760000;1538351999;"3.4";3;4;1.20643
13119;1538352000;1541030399;"3.4";3;4;1.19496
13160;1541030400;1543622399;"3.4";3;4;1.21104
13199;1543622400;1546300799;"3.4";3;4;1.21447
13219;1546300800;1548979199;"3.4";3;4;1.2155
13241;1548979200;1551256283;"3.4";3;4;1.2248
13240;1551256284;1551398399;"3.4";3;4;1.22876
13257;1551398400;1554076799;"3.4";3;4;1.22876
13276;1554076800;1556668799;"3.4";3;4;1.23137
13317;1556668800;1559347199;"3.4";3;4;1.23362
13337;1559347200;1561939199;"3.4";3;4;1.2358
13357;1561939200;1564617599;"3.4";3;4;1.22598
13377;1564617600;1567295999;"3.4";3;4;1.23502
13397;1567296000;1569887999;"3.4";3;4;1.23819
13415;1569888000;1572566399;"3.4";3;4;1.24509
13443;1572566400;1575158399;"3.4";3;4;1.23723
13457;1575158400;1577836799;"3.4";3;4;1.24364
13517;1577836800;1580515199;"3.4";3;4;1.24296
13677;1580515200;1583020799;"3.4";3;4;1.24389
13717;1583020800;1585699199;"3.4";3;4;1.26137
13737;1585699200;1588291199;"3.4";3;4;1.24815
13757;1588291200;1590969599;"3.4";3;4;1.26203
13777;1590969600;1593561599;"3.4";3;4;1.24896
13797;1593561600;1596239999;"3.4";3;4;1.22063
13817;1596240000;1598918399;"3.4";3;4;1.20675
13837;1598918400;1601510399;"3.4";3;4;1.19942
13857;1601510400;1604188799;"3.4";3;4;1.20403
13875;1604188800;1606780799;"3.4";3;4;1.19737
13897;1606780800;1609459199;"3.4";3;4;1.19961
13921;1609459200;1612137599;"3.4";3;4;1.18385
13943;1612137600;1614556799;"3.4";3;4;1.18643
13963;1614556800;1617235199;"3.4";3;4;1.18914
13983;1617235200;1619827199;"3.4";3;4;1.20036
14003;1619827200;1622505599;"3.4";3;4;1.18952
14023;1622505600;1625097599;"3.4";3;4;1.18557
14043;1625097600;1627775999;"3.4";3;4;1.19535
14063;1627776000;1630454399;"3.4";3;4;1.20692
14083;1630454400;1633046399;"3.4";3;4;1.21051
14103;1633046400;1635724799;"3.4";3;4;1.21127
14123;1635724800;1638316799;"3.4";3;4;1.21669
14163;1638316800;1640995199;"3.4";3;4;1.2388
14183;1640995200;1643673599;"3.4";3;4;1.23748
14203;1643673600;1646092799;"3.4";3;4;1.23548
14245;1646092800;1648771199;"3.4";3;4;1.23627
14275;1648771200;1651363199;"3.4";3;4;1.25494
14301;1651363200;1654041599;"3.4";3;4;1.25736
14371;1654041600;1656633599;"3.4";3;4;1.26624
14403;1656633600;1659311999;"3.4";3;4;1.27075
14443;1659312000;1661990399;"3.4";3;4;1.29088
14484;1661990400;1664582399;"3.4";3;4;1.31184
14523;1664582400;1667260799;"3.4";3;4;1.31223
14563;1667260800;1669852799;"3.4";3;4;1.30805
14619;1669852800;1672531199;"3.4";3;4;1.26766
14659;1672531200;1675209599;"3.4";3;4;1.25291
14699;1675209600;1677628799;"3.4";3;4;1.24199
14740;1677628800;1680307199;"3.4";3;4;1.25345
14779;1680307200;1682899199;"3.4";3;4;1.2388
14839;1682899200;1685577599;"3.4";3;4;1.22799
14877;1685577600;1688169599;"3.4";3;4;1.23744
14917;1688169600;1690847999;"3.4";3;4;1.22509
14977;1690848000;1693526399;"3.4";3;4;1.21001
15019;1693526400;1696118399;"3.4";3;4;1.2283
15060;1696118400;1698796799;"3.4";3;4;1.23596
15099;1698796800;1701388799;"3.4";3;4;1.23862
15139;1701388800;1704067199;"3.4";3;4;1.2198
15179;1704067200;1706745599;"3.4";3;4;1.21753
15219;1706745600;1709251199;"3.4";3;4;1.22441
15264;1709251200;1711929599;"3.4";3;4;1.22501
15299;1711929600;1714521599;"3.4";3;4;1.22336
15298;1714521600;4070908800;"3.4";3;4;1.23152
13573;1546300800;4070908800;"4.81";4;81;1
13595;1546300800;4070908800;"4.82";4;82;1
13596;1546300800;4070908800;"4.83";4;83;1
13634;1546300800;4070908800;"4.84";4;84;1
13574;1546300800;4070908800;"4.85";4;85;1
13567;1546300800;4070908800;"4.86";4;86;1
13562;1546300800;4070908800;"4.89";4;89;1
13566;1546300800;4070908800;"4.91";4;91;1
13618;1546300800;4070908800;"4.92";4;92;1
13560;1546300800;4070908800;"4.93";4;93;1
14759;1575158400;1680220800;"4.94";4;94;1
14762;1680220801;1680307199;"4.94";4;94;1
14793;1680307200;1682899199;"4.94";4;94;0.0090314
14815;1682899200;1685577599;"4.94";4;94;0.0090292638441188
14879;1685577600;1688169599;"4.94";4;94;0.009055
14919;1688169600;1690847999;"4.94";4;94;0.00914026
14981;1690848000;1693526399;"4.94";4;94;0.00905862
15017;1693526400;1696118399;"4.94";4;94;0.009086613
15058;1696118400;1698796799;"4.94";4;94;0.00916145
15097;1698796800;1701388799;"4.94";4;94;0.0091607
15137;1701388800;1704067199;"4.94";4;94;0.0090158
15177;1704067200;1706745599;"4.94";4;94;0.0089693
15217;1706745600;1709251199;"4.94";4;94;0.0090395
15262;1709251200;1711929599;"4.94";4;94;0.00909057
15297;1711929600;1714521599;"4.94";4;94;0.00906084
15296;1714521600;4070908800;"4.94";4;94;0.009124
13594;1546300800;4070908800;"4.95";4;95;1
13563;1546300800;4070908800;"4.96";4;96;1
13599;1546300800;4070908800;"4.97";4;97;1
13626;1546300800;4070908800;"4.98";4;98;1
13570;1546300800;4070908800;"4.99";4;99;1
13620;1546300800;4070908800;"4.100";4;100;1
13627;1546300800;4070908800;"4.101";4;101;1
13600;1546300800;4070908800;"4.102";4;102;1
13556;1546300800;4070908800;"4.104";4;104;1
13569;1546300800;4070908800;"4.105";4;105;1
13557;1546300800;4070908800;"4.106";4;106;1
13558;1546300800;4070908800;"4.107";4;107;1
13568;1546300800;4070908800;"4.108";4;108;1
13601;1546300800;4070908800;"4.109";4;109;1
13534;1546300800;4070908800;"4.110";4;110;1
13561;1546300800;4070908800;"4.113";4;113;1
13614;1546300800;4070908800;"4.114";4;114;1
13615;1546300800;4070908800;"4.115";4;115;1
13572;1546300800;4070908800;"4.116";4;116;1
13559;1546300800;4070908800;"4.117";4;117;1
13597;1546300800;4070908800;"4.118";4;118;1
13623;1546300800;4070908800;"4.252";4;252;1
13625;1546300800;4070908800;"4.256";4;256;1
13616;1546300800;4070908800;"4.260";4;260;1
13554;1546300800;4070908800;"4.261";4;261;1
13622;1546300800;4070908800;"4.293";4;293;1
13621;1546300800;4070908800;"4.300";4;300;1
13575;1546300800;4070908800;"4.302";4;302;1
13619;1546300800;4070908800;"4.349";4;349;1
13617;1546300800;4070908800;"4.371";4;371;1
13564;1546300800;4070908800;"4.372";4;372;1
13624;1546300800;4070908800;"4.374";4;374;1
13555;1546300800;4070908800;"4.379";4;379;1
13565;1546300800;4070908800;"4.382";4;382;1
11944;1385856000;1388534399;"21.4";21;4;1.66825
11946;1388534400;1391212799;"21.4";21;4;1.71801
11948;1391212800;1393631999;"21.4";21;4;1.74672
11950;1393632000;1396310399;"21.4";21;4;1.71586
11952;1396310400;1398902399;"21.4";21;4;1.70514
11954;1398902400;1401580799;"21.4";21;4;1.67006
11956;1401580800;1404172799;"21.4";21;4;1.66823
11958;1404172800;1406851199;"21.4";21;4;1.63414
11960;1406851200;1409529599;"21.4";21;4;1.63077
11962;1409529600;1412121599;"21.4";21;4;1.632
11964;1412121600;1414799999;"21.4";21;4;1.68062
11966;1414800000;1417391999;"21.4";21;4;1.69581
11968;1417392000;1420070399;"21.4";21;4;1.69354
11970;1420070400;1422748799;"21.4";21;4;1.78693
11972;1422748800;1425167999;"21.4";21;4;1.7544
11974;1425168000;1427846399;"21.4";21;4;1.80065
11976;1427846400;1430438399;"21.4";21;4;1.77369
11978;1430438400;1433116799;"21.4";21;4;1.78336
11980;1433116800;1435708799;"21.4";21;4;1.77575
11982;1435708800;1438387199;"21.4";21;4;1.82398
11984;1438387200;1441065599;"21.4";21;4;1.89309
11986;1441065600;1443657599;"21.4";21;4;1.92935
11988;1443657600;1446335999;"21.4";21;4;1.99535
11990;1446336000;1448927999;"21.4";21;4;1.93158
11992;1448928000;1451606399;"21.4";21;4;1.91582
11994;1451606400;1454284799;"21.4";21;4;1.91865
11996;1454284800;1456790399;"21.4";21;4;1.9686
11998;1456790400;1459468799;"21.4";21;4;1.92168
12000;1459468800;1462060799;"21.4";21;4;1.83605
12002;1462060800;1464739199;"21.4";21;4;1.81091
12004;1464739200;1467331199;"21.4";21;4;1.94035
12006;1467331200;1470009599;"21.4";21;4;1.88748
12008;1470009600;1472687999;"21.4";21;4;1.8532
12010;1472688000;1475279999;"21.4";21;4;1.84044
12012;1475280000;1477958399;"21.4";21;4;1.83176
12014;1477958400;1480550399;"21.4";21;4;1.80017
12016;1480550400;1483228799;"21.4";21;4;1.82241
12018;1483228800;1485907199;"21.4";21;4;1.85939
12020;1485907200;1488326399;"21.4";21;4;1.79589
12022;1488326400;1491004799;"21.4";21;4;1.75795
12024;1491004800;1493596799;"21.4";21;4;1.77791
12026;1493596800;1496275199;"21.4";21;4;1.80901
12774;1496275200;1498867199;"21.4";21;4;1.84527
12809;1498867200;1501545599;"21.4";21;4;1.8255
12833;1501545600;1504223999;"21.4";21;4;1.772
13175;1504224000;1543622399;"21.4";21;4;1.78568
13203;1543622400;1546300799;"21.4";21;4;1.91511
13217;1546300800;1548979199;"21.4";21;4;1.9513
13341;1548979200;1551398399;"21.4";21;4;1.95073
13655;1551398400;1575158399;"21.4";21;4;2.00103
13657;1575158400;1577836799;"21.4";21;4;2.02596
13659;1577836800;1580515199;"21.4";21;4;1.99954
13681;1580515200;1582890093;"21.4";21;4;2.00903
13683;1582890094;1582890129;"21.4";21;4;2.06269
13682;1582890130;1583020799;"21.4";21;4;2.00903
13719;1583020800;1584662399;"21.4";21;4;2.06269
13721;1584662400;1585699199;"21.4";21;4;2.18512
13739;1585699200;1588291199;"21.4";21;4;2.33578
13759;1588291200;1590969599;"21.4";21;4;2.14392
13779;1590969600;1593561599;"21.4";21;4;2.08205
13799;1593561600;1596239999;"21.4";21;4;2.00305
13819;1596240000;1598918399;"21.4";21;4;1.9523
13839;1598918400;1601510399;"21.4";21;4;1.95947
13859;1601510400;1604188799;"21.4";21;4;1.97302
13877;1604188800;1606780799;"21.4";21;4;1.99579
13903;1606780800;1609459199;"21.4";21;4;1.95222
13915;1609459200;1612137599;"21.4";21;4;1.90713
13945;1612137600;1614556799;"21.4";21;4;1.86219
13965;1614556800;1617235199;"21.4";21;4;1.82251
13985;1617235200;1619827199;"21.4";21;4;1.85245
14005;1619827200;1622505599;"21.4";21;4;1.85605
14025;1622505600;1625097599;"21.4";21;4;1.86304
14045;1625097600;1627775999;"21.4";21;4;1.89338
14065;1627776000;1630454399;"21.4";21;4;1.92829
14085;1630454400;1633046399;"21.4";21;4;1.98083
14105;1633046400;1635724799;"21.4";21;4;1.95887
14125;1635724800;1638316799;"21.4";21;4;1.89248
14165;1638316800;1640995199;"21.4";21;4;1.93153
14185;1640995200;1643673599;"21.4";21;4;1.94119
14205;1643673600;1646092799;"21.4";21;4;1.94942
14247;1646092800;1648771199;"21.4";21;4;1.93838
14335;1648771200;1651363199;"21.4";21;4;1.84818
14334;1651363200;1654041599;"21.4";21;4;1.85424
14367;1654041600;1656633599;"21.4";21;4;1.89776
14405;1656633600;1659311999;"21.4";21;4;1.93302
14445;1659312000;1661990399;"21.4";21;4;1.90473
14486;1661990400;1664582399;"21.4";21;4;1.89365
14525;1664582400;1667260799;"21.4";21;4;1.93229
14565;1667260800;1669852799;"21.4";21;4;2.03149
14637;1669852800;1672531199;"21.4";21;4;1.97147
14677;1672531200;1675209599;"21.4";21;4;1.99228
14717;1675209600;1677628799;"21.4";21;4;1.9335
14758;1677628800;1680307199;"21.4";21;4;1.94825
14799;1680307200;1682899199;"21.4";21;4;1.99925
14837;1682899200;1685577599;"21.4";21;4;2.00967
14875;1685577600;1688169599;"21.4";21;4;2.00576
14915;1688169600;1690847999;"21.4";21;4;1.99102
14975;1690848000;1693526399;"21.4";21;4;1.98656
15021;1693526400;1696118399;"21.4";21;4;2.06052
15062;1696118400;1698796799;"21.4";21;4;2.04814
15101;1698796800;1701388799;"21.4";21;4;2.0798
15141;1701388800;1704067199;"21.4";21;4;2.03039
15181;1704067200;1706745599;"21.4";21;4;1.97888
15221;1706745600;1709251199;"21.4";21;4;2.01633
15266;1709251200;1711929599;"21.4";21;4;2.01943
15301;1711929600;1714521599;"21.4";21;4;2.02919
15300;1714521600;4070908800;"21.4";21;4;2.03645
12029;1385856000;1388534399;"22.4";22;4;154.979
12031;1388534400;1391212799;"22.4";22;4;160.33
12033;1391212800;1393631999;"22.4";22;4;160.807
12035;1393632000;1396310399;"22.4";22;4;158.179
12037;1396310400;1398902399;"22.4";22;4;157.96
12039;1398902400;1401580799;"22.4";22;4;159.126
12041;1401580800;1404172799;"22.4";22;4;156.982
12043;1404172800;1406851199;"22.4";22;4;157.455
12045;1406851200;1409529599;"22.4";22;4;156.032
12047;1409529600;1412121599;"22.4";22;4;158.212
12049;1412121600;1414799999;"22.4";22;4;162.942
12051;1414800000;1417391999;"22.4";22;4;159.274
12053;1417392000;1420070399;"22.4";22;4;172.651
12055;1420070400;1422748799;"22.4";22;4;173.551
12057;1422748800;1425167999;"22.4";22;4;166.046
12059;1425168000;1427846399;"22.4";22;4;167.963
12061;1427846400;1430438399;"22.4";22;4;166.43
12063;1430438400;1433116799;"22.4";22;4;165.782
12065;1433116800;1435708799;"22.4";22;4;170.295
12067;1435708800;1438387199;"22.4";22;4;174.003
12069;1438387200;1441065599;"22.4";22;4;173.198
12071;1441065600;1443657599;"22.4";22;4;173.92
12073;1443657600;1446335999;"22.4";22;4;169.91
12075;1446336000;1448927999;"22.4";22;4;169.364
12077;1448928000;1451606399;"22.4";22;4;169.636
12079;1451606400;1454284799;"22.4";22;4;168.287
12081;1454284800;1456790399;"22.4";22;4;162.47
12083;1456790400;1459468799;"22.4";22;4;155.91
12085;1459468800;1462060799;"22.4";22;4;157.138
12087;1462060800;1464739199;"22.4";22;4;153.776
12089;1464739200;1467331199;"22.4";22;4;154.291
12091;1467331200;1470009599;"22.4";22;4;148.795
12093;1470009600;1472687999;"22.4";22;4;146.664
12095;1472688000;1475279999;"22.4";22;4;140.829
12097;1475280000;1477958399;"22.4";22;4;141.29
12099;1477958400;1480550399;"22.4";22;4;143.012
12101;1480550400;1483228799;"22.4";22;4;149.755
12103;1483228800;1485907199;"22.4";22;4;157.537
12105;1485907200;1488326399;"22.4";22;4;154.655
12107;1488326400;1491004799;"22.4";22;4;153.187
12109;1491004800;1493596799;"22.4";22;4;151.862
12111;1493596800;1496275199;"22.4";22;4;148.917
12759;1496275200;1498867199;"22.4";22;4;153.668
12807;1498867200;1501545599;"22.4";22;4;153.624
12831;1501545600;1504223999;"22.4";22;4;156.935
13865;1504224000;1604188799;"22.4";22;4;154.635
13879;1604188800;1606780799;"22.4";22;4;148.661
13901;1606780800;1609459199;"22.4";22;4;148.069
13925;1609459200;1612137599;"22.4";22;4;149.255
13947;1612137600;1614556799;"22.4";22;4;149.41
13967;1614556800;1617235199;"22.4";22;4;152.153
13987;1617235200;1619827199;"22.4";22;4;155.262
14007;1619827200;1622505599;"22.4";22;4;154.867
14027;1622505600;1625097599;"22.4";22;4;157.3
14047;1625097600;1627775999;"22.4";22;4;158.213
14067;1627776000;1630454399;"22.4";22;4;156.142
14087;1630454400;1633046399;"22.4";22;4;155.805
14107;1633046400;1635724799;"22.4";22;4;155.036
14127;1635724800;1638316799;"22.4";22;4;161.339
14167;1638316800;1640995199;"22.4";22;4;159.458
14187;1640995200;1643673599;"22.4";22;4;159.848
14207;1643673600;1646092799;"22.4";22;4;159.592
14249;1646092800;1648771199;"22.4";22;4;160.818
14311;1648771200;1654041599;"22.4";22;4;167.067
14361;1654041600;1656633599;"22.4";22;4;172.436
14407;1656633600;1659311999;"22.4";22;4;180.275
14447;1659312000;1661990399;"22.4";22;4;180.631
14488;1661990400;1664582399;"22.4";22;4;178.775
14527;1664582400;1667260799;"22.4";22;4;186.069
14567;1667260800;1669852799;"22.4";22;4;191.393
14635;1669852800;1672531199;"22.4";22;4;185.697
14675;1672531200;1675209599;"22.4";22;4;176.537
14715;1675209600;1677628799;"22.4";22;4;174.563
14756;1677628800;1680307199;"22.4";22;4;179.589
14795;1680307200;1682899199;"22.4";22;4;176.346
14835;1682899200;1685577599;"22.4";22;4;180.967
14873;1685577600;1688169599;"22.4";22;4;185.109
14913;1688169600;1690847999;"22.4";22;4;190.781
14973;1690848000;1693526399;"22.4";22;4;188.425
15023;1693526400;1696118399;"22.4";22;4;193.37
15064;1696118400;1698796799;"22.4";22;4;194.283
15103;1698796800;1701388799;"22.4";22;4;196.792
15143;1701388800;1704067199;"22.4";22;4;197.243
15183;1704067200;1706745599;"22.4";22;4;190.454
15223;1706745600;1709251199;"22.4";22;4;197.148
15268;1709251200;1711929599;"22.4";22;4;199.862
15303;1711929600;1714521599;"22.4";22;4;200.593
15302;1714521600;4070908800;"22.4";22;4;203.449
12114;1385856000;1388534399;"23.4";23;4;0.945269
12116;1388534400;1391212799;"23.4";23;4;0.939514
12118;1391212800;1393631999;"23.4";23;4;0.925986
12120;1393632000;1396310399;"23.4";23;4;0.92578
12122;1396310400;1398902399;"23.4";23;4;0.936093
12124;1398902400;1401580799;"23.4";23;4;0.922739
12126;1401580800;1404172799;"23.4";23;4;0.915499
12128;1404172800;1406851199;"23.4";23;4;0.906002
12130;1406851200;1409529599;"23.4";23;4;0.90238
12132;1409529600;1412121599;"23.4";23;4;0.918366
12134;1412121600;1414799999;"23.4";23;4;0.91452
12136;1414800000;1417391999;"23.4";23;4;0.928367
12138;1417392000;1420070399;"23.4";23;4;0.933367
12140;1420070400;1422748799;"23.4";23;4;0.932401
12142;1422748800;1425167999;"23.4";23;4;0.935909
12144;1425168000;1427846399;"23.4";23;4;0.918316
12146;1427846400;1430438399;"23.4";23;4;0.930501
12148;1430438400;1433116799;"23.4";23;4;0.920861
12150;1433116800;1435708799;"23.4";23;4;0.899281
12152;1435708800;1438387199;"23.4";23;4;0.892108
12154;1438387200;1441065599;"23.4";23;4;0.895255
12156;1441065600;1443657599;"23.4";23;4;0.899184
12158;1443657600;1446335999;"23.4";23;4;0.915986
12160;1446336000;1448927999;"23.4";23;4;0.910059
12162;1448928000;1451606399;"23.4";23;4;0.909397
12164;1451606400;1454284799;"23.4";23;4;0.932132
12166;1454284800;1456790399;"23.4";23;4;0.965018
12168;1456790400;1459468799;"23.4";23;4;0.984814
12170;1459468800;1462060799;"23.4";23;4;0.986349
12172;1462060800;1464739199;"23.4";23;4;0.977689
12174;1464739200;1467331199;"23.4";23;4;0.971185
12176;1467331200;1470009599;"23.4";23;4;0.954763
12178;1470009600;1472687999;"23.4";23;4;1.05703
12180;1472688000;1475279999;"23.4";23;4;1.06704
12182;1475280000;1477958399;"23.4";23;4;1.07825
12184;1477958400;1480550399;"23.4";23;4;1.12502
12186;1480550400;1483228799;"23.4";23;4;1.0918
12188;1483228800;1485907199;"23.4";23;4;1.09318
12190;1485907200;1488326399;"23.4";23;4;1.09225
12192;1488326400;1491004799;"23.4";23;4;1.08306
12194;1491004800;1493596799;"23.4";23;4;1.08979
12196;1493596800;1496275199;"23.4";23;4;1.0655
12763;1496275200;1498867199;"23.4";23;4;1.06686
12805;1498867200;1501545599;"23.4";23;4;1.083
12829;1501545600;1504223999;"23.4";23;4;1.078
12875;1504224000;1506815999;"23.4";23;4;1.10057
12877;1506816000;1509494399;"23.4";23;4;1.04943
12899;1509494400;1512086399;"23.4";23;4;1.06855
12919;1512086400;1514764799;"23.4";23;4;1.06483
12941;1514764800;1517443199;"23.4";23;4;1.05765
12961;1517443200;1519862399;"23.4";23;4;1.03478
12981;1519862400;1522540799;"23.4";23;4;1.03774
13001;1522540800;1525132799;"23.4";23;4;1.03089
13019;1525132800;1527811199;"23.4";23;4;1.03683
13037;1527811200;1530403199;"23.4";23;4;1.0621
13055;1530403200;1533081599;"23.4";23;4;1.06155
13081;1533081600;1535759999;"23.4";23;4;1.06911
13097;1535760000;1538351999;"23.4";23;4;1.08255
13115;1538352000;1541030399;"23.4";23;4;1.0654
13162;1541030400;1543622399;"23.4";23;4;1.07037
13201;1543622400;1546300799;"23.4";23;4;1.0819
13223;1546300800;1548979199;"23.4";23;4;1.095
13235;1548979200;1551398399;"23.4";23;4;1.06816
13261;1551398400;1554076799;"23.4";23;4;1.06962
13299;1554076800;1556668799;"23.4";23;4;1.05872
13321;1556668800;1559347199;"23.4";23;4;1.06651
13339;1559347200;1561939199;"23.4";23;4;1.08853
13361;1561939200;1564617599;"23.4";23;4;1.09557
13381;1564617600;1567295999;"23.4";23;4;1.10741
13401;1567296000;1569887999;"23.4";23;4;1.12134
13419;1569888000;1572566399;"23.4";23;4;1.1004
13447;1572566400;1575158399;"23.4";23;4;1.07
13461;1575158400;1577836799;"23.4";23;4;1.06789
13519;1577836800;1580515199;"23.4";23;4;1.06038
13863;1580515200;1604188799;"23.4";23;4;1.05121
13889;1604188800;1606780799;"23.4";23;4;1.08574
13909;1606780800;1609459199;"23.4";23;4;1.06777
13923;1609459200;1612137599;"23.4";23;4;1.07323
13949;1612137600;1614556799;"23.4";23;4;1.05531
13969;1614556800;1617235199;"23.4";23;4;1.02489
13989;1617235200;1619827199;"23.4";23;4;1.03534
14009;1619827200;1622505599;"23.4";23;4;1.03339
14029;1622505600;1625097599;"23.4";23;4;1.01641
14049;1625097600;1627775999;"23.4";23;4;1.02288
14069;1627776000;1630454399;"23.4";23;4;1.03392
14093;1630454400;1633046399;"23.4";23;4;1.0372
14109;1633046400;1635724799;"23.4";23;4;1.03713
14129;1635724800;1638316799;"23.4";23;4;1.02637
14169;1638316800;1640995199;"23.4";23;4;1.04414
14189;1640995200;1643673599;"23.4";23;4;1.04183
14209;1643673600;1646092799;"23.4";23;4;1.03413
14251;1646092800;1648771199;"23.4";23;4;1.03221
14279;1648771200;1651363199;"23.4";23;4;1.04404
14295;1651363200;1654041599;"23.4";23;4;1.05364
14357;1654041600;1656633599;"23.4";23;4;1.07297
14409;1656633600;1659311999;"23.4";23;4;1.09178
14449;1659312000;1661990399;"23.4";23;4;1.10039
14490;1661990400;1664582399;"23.4";23;4;1.10699
14529;1664582400;1667260799;"23.4";23;4;1.16032
14569;1667260800;1669852799;"23.4";23;4;1.14397
14633;1669852800;1672531199;"23.4";23;4;1.09643
14673;1672531200;1675209599;"23.4";23;4;1.10279
14713;1675209600;1677628799;"23.4";23;4;1.09298
14754;1677628800;1680307199;"23.4";23;4;1.10621
14781;1680307200;1682899199;"23.4";23;4;1.09502
14833;1682899200;1685577599;"23.4";23;4;1.08852
14871;1685577600;1688169599;"23.4";23;4;1.07693
14911;1688169600;1690847999;"23.4";23;4;1.0483
14971;1690848000;1693526399;"23.4";23;4;1.04771
15025;1693526400;1696118399;"23.4";23;4;1.05111
15066;1696118400;1698796799;"23.4";23;4;1.07458
15105;1698796800;1701388799;"23.4";23;4;1.07985
15145;1701388800;1704067199;"23.4";23;4;1.06176
15185;1704067200;1706745599;"23.4";23;4;1.05381
15225;1706745600;1709251199;"23.4";23;4;1.04764
15270;1709251200;1711929599;"23.4";23;4;1.04662
15305;1711929600;1714521599;"23.4";23;4;1.05225
15304;1714521600;4070908800;"23.4";23;4;1.06426
12199;1354320000;1385855999;"87.4";87;4;1.43365
12201;1385856000;1388534399;"87.4";87;4;1.39424
12203;1388534400;1391212799;"87.4";87;4;1.37602
12205;1391212800;1393631999;"87.4";87;4;1.38862
12207;1393632000;1396310399;"87.4";87;4;1.37334
12209;1396310400;1398902399;"87.4";87;4;1.36426
12211;1398902400;1401580799;"87.4";87;4;1.36691
12213;1401580800;1404172799;"87.4";87;4;1.3819
12215;1404172800;1406851199;"87.4";87;4;1.38174
12217;1406851200;1409529599;"87.4";87;4;1.38785
12219;1409529600;1412121599;"87.4";87;4;1.38761
12221;1412121600;1414799999;"87.4";87;4;1.40449
12223;1414800000;1417391999;"87.4";87;4;1.41516
12225;1417392000;1420070399;"87.4";87;4;1.41554
12227;1420070400;1422748799;"87.4";87;4;1.42727
12229;1422748800;1425167999;"87.4";87;4;1.22454
12231;1425168000;1427846399;"87.4";87;4;1.33911
12233;1427846400;1430438399;"87.4";87;4;1.34909
12235;1430438400;1433116799;"87.4";87;4;1.33256
12237;1433116800;1435708799;"87.4";87;4;1.30901
12239;1435708800;1438387199;"87.4";87;4;1.31256
12241;1438387200;1441065599;"87.4";87;4;1.33329
12243;1441065600;1443657599;"87.4";87;4;1.34481
12245;1443657600;1446335999;"87.4";87;4;1.36907
12247;1446336000;1448927999;"87.4";87;4;1.36427
12249;1448928000;1451606399;"87.4";87;4;1.40541
12251;1451606400;1454284799;"87.4";87;4;1.37194
12253;1454284800;1456790399;"87.4";87;4;1.39603
12255;1456790400;1459468799;"87.4";87;4;1.38248
12257;1459468800;1462060799;"87.4";87;4;1.36152
12259;1462060800;1464739199;"87.4";87;4;1.37302
12261;1464739200;1467331199;"87.4";87;4;1.39171
12263;1467331200;1470009599;"87.4";87;4;1.35871
12265;1470009600;1472687999;"87.4";87;4;1.36633
12267;1472688000;1475279999;"87.4";87;4;1.35288
12269;1475280000;1477958399;"87.4";87;4;1.35723
12271;1477958400;1480550399;"87.4";87;4;1.36598
12273;1480550400;1483228799;"87.4";87;4;1.36717
12275;1483228800;1485907199;"87.4";87;4;1.37372
12277;1485907200;1488326399;"87.4";87;4;1.35656
12279;1488326400;1491004799;"87.4";87;4;1.36404
12281;1491004800;1493596799;"87.4";87;4;1.35229
12283;1493596800;1496275199;"87.4";87;4;1.36091
12776;1496275200;1498867199;"87.4";87;4;1.34369
12803;1498867200;1501545599;"87.4";87;4;1.34007
12827;1501545600;1504223999;"87.4";87;4;1.33174
13867;1504224000;1604188799;"87.4";87;4;1.36564
13881;1604188800;1606780799;"87.4";87;4;1.28403
13905;1606780800;1609459199;"87.4";87;4;1.2961
13917;1609459200;1612137599;"87.4";87;4;1.28162
13935;1612137600;1614556799;"87.4";87;4;1.27629
13955;1614556800;1617235199;"87.4";87;4;1.30001
13975;1617235200;1619827199;"87.4";87;4;1.32589
13995;1619827200;1622505599;"87.4";87;4;1.31328
14015;1622505600;1625097599;"87.4";87;4;1.29578
14035;1625097600;1627775999;"87.4";87;4;1.3117
14055;1627776000;1630454399;"87.4";87;4;1.30849
14075;1630454400;1633046399;"87.4";87;4;1.30003
14095;1633046400;1635724799;"87.4";87;4;1.31194
14115;1635724800;1638316799;"87.4";87;4;1.297
14155;1638316800;1640995199;"87.4";87;4;1.30131
14175;1640995200;1643673599;"87.4";87;4;1.28791
14195;1643673600;1646092799;"87.4";87;4;1.28026
14235;1646092800;1648771199;"87.4";87;4;1.28966
14315;1648771200;1654041599;"87.4";87;4;1.28874
14363;1654041600;1656633599;"87.4";87;4;1.30447
14395;1656633600;1659311999;"87.4";87;4;1.28759
14497;1659312000;1661990399;"87.4";87;4;1.27002
14476;1661990400;1664582399;"87.4";87;4;1.2589
14515;1664582400;1667260799;"87.4";87;4;1.25781
14555;1667260800;1669852799;"87.4";87;4;1.28698
14631;1669852800;1672531199;"87.4";87;4;1.24499
14671;1672531200;1675209599;"87.4";87;4;1.23808
14711;1675209600;1677628799;"87.4";87;4;1.24377
14752;1677628800;1680307199;"87.4";87;4;1.24011
14791;1680307200;1682899199;"87.4";87;4;1.23523
14831;1682899200;1685577599;"87.4";87;4;1.20458
14869;1685577600;1688169599;"87.4";87;4;1.20218
14909;1688169600;1690847999;"87.4";87;4;1.19912
14969;1690848000;1693526399;"87.4";87;4;1.16615
15027;1693526400;1696118399;"87.4";87;4;1.16964
15068;1696118400;1698796799;"87.4";87;4;1.19335
15107;1698796800;1701388799;"87.4";87;4;1.17107
15147;1701388800;1704067199;"87.4";87;4;1.17647
15187;1704067200;1706745599;"87.4";87;4;1.14526
15227;1706745600;1709251199;"87.4";87;4;1.15733
15272;1709251200;1711929599;"87.4";87;4;1.16818
15307;1711929600;1714521599;"87.4";87;4;1.19263
15306;1714521600;4070908800;"87.4";87;4;1.19872
13474;1575158400;1577836799;"88.4";88;4;9.67417
13523;1577836800;1580515199;"88.4";88;4;9.65316
14255;1580515200;1648771199;"88.4";88;4;9.5616
14309;1648771200;1651363199;"88.4";88;4;8.78966
14375;1651363200;1656633599;"88.4";88;4;9.00009
14411;1656633600;1659311999;"88.4";88;4;8.94454
14451;1659312000;1661990399;"88.4";88;4;8.90385
14492;1661990400;1664582399;"88.4";88;4;8.93272
14531;1664582400;1667260799;"88.4";88;4;9.09662
14571;1667260800;1669852799;"88.4";88;4;9.22424
14615;1669852800;1672531199;"88.4";88;4;9.35716
14655;1672531200;1675209599;"88.4";88;4;9.29731
14734;1675209600;1677628799;"88.4";88;4;9.20276
14736;1677628800;1680307199;"88.4";88;4;9.16943
14783;1680307200;1682899199;"88.4";88;4;9.20276
14819;1682899200;1685577599;"88.4";88;4;9.29005
14857;1685577600;1688169599;"88.4";88;4;9.40495
14897;1688169600;1690847999;"88.4";88;4;9.61622
14959;1690848000;1693526399;"88.4";88;4;9.65922
15041;1693526400;1696118399;"88.4";88;4;9.67558
15082;1696118400;1698796799;"88.4";88;4;9.60707
15119;1698796800;1701388799;"88.4";88;4;9.60504
15161;1701388800;1704067199;"88.4";88;4;9.50959
15201;1704067200;1706745599;"88.4";88;4;9.58727
15239;1706745600;1709251199;"88.4";88;4;9.54608
15256;1709251200;1711929599;"88.4";88;4;9.55274
15319;1711929600;1714521599;"88.4";88;4;9.56874
15318;1714521600;4070908800;"88.4";88;4;9.52562
12286;1385856000;1388534399;"90.4";90;4;8.44702
12288;1388534400;1391212799;"90.4";90;4;8.36813
12290;1391212800;1393631999;"90.4";90;4;8.40795
12292;1393632000;1396310399;"90.4";90;4;8.40004
12294;1396310400;1398902399;"90.4";90;4;8.36939
12296;1398902400;1401580799;"90.4";90;4;8.36827
12298;1401580800;1404172799;"90.4";90;4;8.44217
12300;1404172800;1406851199;"90.4";90;4;8.46539
12302;1406851200;1409529599;"90.4";90;4;8.52006
12304;1409529600;1412121599;"90.4";90;4;8.55278
12306;1412121600;1414799999;"90.4";90;4;8.65202
12308;1414800000;1417391999;"90.4";90;4;8.73423
12310;1417392000;1420070399;"90.4";90;4;8.75818
12312;1420070400;1422748799;"90.4";90;4;8.83798
12314;1422748800;1425167999;"90.4";90;4;9.31359
12316;1425168000;1427846399;"90.4";90;4;9.31888
12318;1427846400;1430438399;"90.4";90;4;9.47912
12320;1430438400;1433116799;"90.4";90;4;9.56929
12322;1433116800;1435708799;"90.4";90;4;9.39717
12324;1435708800;1438387199;"90.4";90;4;9.37523
12326;1438387200;1441065599;"90.4";90;4;9.46979
12328;1441065600;1443657599;"90.4";90;4;9.33149
12330;1443657600;1446335999;"90.4";90;4;9.385
12332;1446336000;1448927999;"90.4";90;4;9.42498
12334;1448928000;1451606399;"90.4";90;4;9.65344
12336;1451606400;1454284799;"90.4";90;4;9.48623
12338;1454284800;1456790399;"90.4";90;4;9.52227
12340;1456790400;1459468799;"90.4";90;4;9.42436
12342;1459468800;1462060799;"90.4";90;4;9.32958
12344;1462060800;1464739199;"90.4";90;4;9.22892
12346;1464739200;1467331199;"90.4";90;4;9.31845
12348;1467331200;1470009599;"90.4";90;4;9.2879
12350;1470009600;1472687999;"90.4";90;4;9.35751
12352;1472688000;1475279999;"90.4";90;4;9.23131
12354;1475280000;1477958399;"90.4";90;4;9.30016
12356;1477958400;1480550399;"90.4";90;4;9.38518
12358;1480550400;1483228799;"90.4";90;4;9.49812
12360;1483228800;1485907199;"90.4";90;4;9.53434
12362;1485907200;1488326399;"90.4";90;4;9.42489
12364;1488326400;1491004799;"90.4";90;4;9.50074
12366;1491004800;1493596799;"90.4";90;4;9.39099
12368;1493596800;1496275199;"90.4";90;4;9.4758
12772;1496275200;1498867199;"90.4";90;4;9.18231
12801;1498867200;1501545599;"90.4";90;4;9.18274
12825;1501545600;1504223999;"90.4";90;4;8.9548
13869;1504224000;1604188799;"90.4";90;4;8.88526
13891;1604188800;1606780799;"90.4";90;4;8.90932
13899;1606780800;1609459199;"90.4";90;4;8.93368
13919;1609459200;1612137599;"90.4";90;4;8.80553
13951;1612137600;1614556799;"90.4";90;4;8.82753
13971;1614556800;1617235199;"90.4";90;4;8.84314
13991;1617235200;1619827199;"90.4";90;4;8.92586
14011;1619827200;1622505599;"90.4";90;4;8.84549
14031;1622505600;1625097599;"90.4";90;4;8.81609
14051;1625097600;1627775999;"90.4";90;4;8.88881
14071;1627776000;1630454399;"90.4";90;4;8.97731
14089;1630454400;1633046399;"90.4";90;4;9.00252
14111;1633046400;1635724799;"90.4";90;4;9.0073
14131;1635724800;1638316799;"90.4";90;4;9.05281
14171;1638316800;1640995199;"90.4";90;4;9.21209
14191;1640995200;1643673599;"90.4";90;4;9.20217
14211;1643673600;1646092799;"90.4";90;4;9.19591
14253;1646092800;1648771199;"90.4";90;4;9.19633
14307;1648771200;1654041599;"90.4";90;4;9.33437
14355;1654041600;1656633599;"90.4";90;4;9.42241
14413;1656633600;1659311999;"90.4";90;4;9.45287
14453;1659312000;1661990399;"90.4";90;4;9.60966
14494;1661990400;1664582399;"90.4";90;4;9.75667
14533;1664582400;1667260799;"90.4";90;4;9.75848
14573;1667260800;1669852799;"90.4";90;4;9.72952
14629;1669852800;1672531199;"90.4";90;4;9.42756
14669;1672531200;1675209599;"90.4";90;4;9.31203
14709;1675209600;1677628799;"90.4";90;4;9.23958
14750;1677628800;1680307199;"90.4";90;4;9.32923
14797;1680307200;1682899199;"90.4";90;4;9.26569
14829;1682899200;1685577599;"90.4";90;4;9.15189
14867;1685577600;1688169599;"90.4";90;4;9.21583
14907;1688169600;1690847999;"90.4";90;4;9.12509
14967;1690848000;1693526399;"90.4";90;4;9.01559
15029;1693526400;1696118399;"90.4";90;4;9.15457
15070;1696118400;1698796799;"90.4";90;4;9.21489
15109;1698796800;1701388799;"90.4";90;4;9.24428
15149;1701388800;1704067199;"90.4";90;4;9.09322
15189;1704067200;1706745599;"90.4";90;4;9.07779
15229;1706745600;1709251199;"90.4";90;4;9.131
15274;1709251200;1711929599;"90.4";90;4;9.13175
15309;1711929600;1714521599;"90.4";90;4;9.124
15308;1714521600;4070908800;"90.4";90;4;9.18805
12371;1385856000;1388534399;"111.4";111;4;10.1035
12373;1388534400;1391212799;"111.4";111;4;10.1014
12375;1391212800;1393631999;"111.4";111;4;9.89972
12377;1393632000;1396310399;"111.4";111;4;10.1295
12379;1396310400;1398902399;"111.4";111;4;9.91247
12381;1398902400;1401580799;"111.4";111;4;10.2132
12383;1401580800;1404172799;"111.4";111;4;10.1342
12385;1404172800;1406851199;"111.4";111;4;10.3617
12387;1406851200;1409529599;"111.4";111;4;10.5373
12389;1409529600;1412121599;"111.4";111;4;10.4944
12391;1412121600;1414799999;"111.4";111;4;10.7032
12393;1414800000;1417391999;"111.4";111;4;10.8173
12395;1417392000;1420070399;"111.4";111;4;10.817
12397;1420070400;1422748799;"111.4";111;4;11.2868
12399;1422748800;1425167999;"111.4";111;4;11.5851
12401;1425168000;1427846399;"111.4";111;4;11.861
12403;1427846400;1430438399;"111.4";111;4;11.9875
12405;1430438400;1433116799;"111.4";111;4;12.0878
12407;1433116800;1435708799;"111.4";111;4;11.6475
12409;1435708800;1438387199;"111.4";111;4;11.501
12411;1438387200;1441065599;"111.4";111;4;11.9681
12413;1441065600;1443657599;"111.4";111;4;11.9538
12415;1443657600;1446335999;"111.4";111;4;11.7828
12417;1446336000;1448927999;"111.4";111;4;11.8648
12419;1448928000;1451606399;"111.4";111;4;11.9934
12421;1451606400;1454284799;"111.4";111;4;11.7284
12423;1454284800;1456790399;"111.4";111;4;11.8303
12425;1456790400;1459468799;"111.4";111;4;11.7844
12427;1459468800;1462060799;"111.4";111;4;11.5396
12429;1462060800;1464739199;"111.4";111;4;11.4519
12431;1464739200;1467331199;"111.4";111;4;11.6846
12433;1467331200;1470009599;"111.4";111;4;11.693
12435;1470009600;1472687999;"111.4";111;4;11.931
12437;1472688000;1475279999;"111.4";111;4;11.7429
12439;1475280000;1477958399;"111.4";111;4;11.9441
12441;1477958400;1480550399;"111.4";111;4;12.2253
12443;1480550400;1483228799;"111.4";111;4;12.4812
12445;1483228800;1485907199;"111.4";111;4;12.3616
12447;1485907200;1488326399;"111.4";111;4;12.0111
12449;1488326400;1491004799;"111.4";111;4;12.1265
12451;1491004800;1493596799;"111.4";111;4;11.9885
12453;1493596800;1496275199;"111.4";111;4;12.2367
12778;1496275200;1498867199;"111.4";111;4;12.0106
12799;1498867200;1501545599;"111.4";111;4;12.0669
12823;1501545600;1504223999;"111.4";111;4;11.5416
13873;1504224000;1506815999;"111.4";111;4;11.4319
13907;1506816000;1609459199;"111.4";111;4;12.4427
13929;1609459200;1612137599;"111.4";111;4;11.9614
13953;1612137600;1614556799;"111.4";111;4;11.9548
13973;1614556800;1617235199;"111.4";111;4;11.9697
13993;1617235200;1619827199;"111.4";111;4;12.2058
14013;1619827200;1622505599;"111.4";111;4;12.0658
14033;1622505600;1625097599;"111.4";111;4;11.9991
14053;1625097600;1627775999;"111.4";111;4;12.114
14073;1627776000;1630454399;"111.4";111;4;12.3379
14091;1630454400;1633046399;"111.4";111;4;12.4644
14113;1633046400;1635724799;"111.4";111;4;12.2988
14133;1635724800;1638316799;"111.4";111;4;12.1376
14173;1638316800;1640995199;"111.4";111;4;12.543
14193;1640995200;1643673599;"111.4";111;4;12.7593
14213;1643673600;1646092799;"111.4";111;4;12.871
14241;1646092800;1648771199;"111.4";111;4;13.062
14303;1648771200;1654041599;"111.4";111;4;13.0166
14365;1654041600;1656633599;"111.4";111;4;13.3342
14415;1656633600;1659311999;"111.4";111;4;13.5598
14455;1659312000;1661990399;"111.4";111;4;13.4847
14496;1661990400;1664582399;"111.4";111;4;13.9577
14535;1664582400;1667260799;"111.4";111;4;14.2584
14575;1667260800;1669852799;"111.4";111;4;14.3356
14627;1669852800;1672531199;"111.4";111;4;13.9015
14667;1672531200;1675209599;"111.4";111;4;13.9407
14707;1675209600;1677628799;"111.4";111;4;13.8133
14748;1677628800;1680307199;"111.4";111;4;13.8396
14789;1680307200;1682899199;"111.4";111;4;13.8186
14827;1682899200;1685577599;"111.4";111;4;13.9494
14865;1685577600;1688169599;"111.4";111;4;14.1023
14905;1688169600;1690847999;"111.4";111;4;14.3297
14965;1690848000;1693526399;"111.4";111;4;13.9393
15031;1693526400;1696118399;"111.4";111;4;14.5445
15072;1696118400;1698796799;"111.4";111;4;14.7114
15111;1698796800;1701388799;"111.4";111;4;14.4495
15151;1701388800;1704067199;"111.4";111;4;13.9559
15191;1704067200;1706745599;"111.4";111;4;13.4605
15231;1706745600;1709251199;"111.4";111;4;13.8934
15276;1709251200;1711929599;"111.4";111;4;13.6643
15311;1711929600;1714521599;"111.4";111;4;13.9494
15310;1714521600;4070908800;"111.4";111;4;14.2893
12456;1385856000;1388534399;"112.4";112;4;1.91522
12458;1388534400;1391212799;"112.4";112;4;1.946
12460;1391212800;1393631999;"112.4";112;4;1.96937
12462;1393632000;1396310399;"112.4";112;4;1.9527
12464;1396310400;1398902399;"112.4";112;4;1.973
12466;1398902400;1401580799;"112.4";112;4;1.94989
12468;1401580800;1404172799;"112.4";112;4;1.9304
12470;1404172800;1406851199;"112.4";112;4;1.92577
12472;1406851200;1409529599;"112.4";112;4;1.90601
12474;1409529600;1412121599;"112.4";112;4;1.90068
12476;1412121600;1414799999;"112.4";112;4;1.89957
12478;1414800000;1417391999;"112.4";112;4;1.89024
12480;1417392000;1420070399;"112.4";112;4;1.89728
12482;1420070400;1422748799;"112.4";112;4;1.91642
12484;1422748800;1425167999;"112.4";112;4;1.87401
12486;1425168000;1427846399;"112.4";112;4;1.91887
12488;1427846400;1430438399;"112.4";112;4;1.91139
12490;1430438400;1433116799;"112.4";112;4;1.86039
12492;1433116800;1435708799;"112.4";112;4;1.87417
12494;1435708800;1438387199;"112.4";112;4;1.88473
12496;1438387200;1441065599;"112.4";112;4;1.90885
12498;1441065600;1443657599;"112.4";112;4;1.98746
12500;1443657600;1446335999;"112.4";112;4;1.99455
12502;1446336000;1448927999;"112.4";112;4;1.93885
12504;1448928000;1451606399;"112.4";112;4;1.95096
12506;1451606400;1454284799;"112.4";112;4;1.95008
12508;1454284800;1456790399;"112.4";112;4;1.97598
12510;1456790400;1459468799;"112.4";112;4;1.94915
12512;1459468800;1462060799;"112.4";112;4;1.90372
12514;1462060800;1464739199;"112.4";112;4;1.89549
12516;1464739200;1467331199;"112.4";112;4;1.93637
12518;1467331200;1470009599;"112.4";112;4;1.9017
12520;1470009600;1472687999;"112.4";112;4;1.8784
12522;1472688000;1475279999;"112.4";112;4;1.89859
12524;1475280000;1477958399;"112.4";112;4;1.90015
12526;1477958400;1480550399;"112.4";112;4;1.91484
12528;1480550400;1483228799;"112.4";112;4;1.93118
12530;1483228800;1485907199;"112.4";112;4;1.938
12532;1485907200;1488326399;"112.4";112;4;1.92789
12534;1488326400;1491004799;"112.4";112;4;1.91187
12536;1491004800;1493596799;"112.4";112;4;1.90644
12538;1493596800;1496275199;"112.4";112;4;1.90519
12770;1496275200;1498867199;"112.4";112;4;1.92057
12797;1498867200;1501545599;"112.4";112;4;1.91672
12821;1501545600;1504223999;"112.4";112;4;1.91462
13871;1504224000;1604188799;"112.4";112;4;1.92074
13885;1604188800;1606780799;"112.4";112;4;1.9291
13913;1606780800;1609459199;"112.4";112;4;1.9162
13931;1609459200;1612137599;"112.4";112;4;1.92305
13939;1612137600;1614556799;"112.4";112;4;1.91039
13959;1614556800;1617235199;"112.4";112;4;1.90677
13979;1617235200;1619827199;"112.4";112;4;1.91221
13999;1619827200;1622505599;"112.4";112;4;1.90777
14019;1622505600;1625097599;"112.4";112;4;1.92399
14039;1625097600;1627775999;"112.4";112;4;1.92298
14059;1627776000;1630454399;"112.4";112;4;1.93103
14079;1630454400;1633046399;"112.4";112;4;1.92927
14099;1633046400;1635724799;"112.4";112;4;1.91793
14119;1635724800;1638316799;"112.4";112;4;1.90375
14159;1638316800;1640995199;"112.4";112;4;1.90566
14179;1640995200;1643673599;"112.4";112;4;1.90555
14199;1643673600;1646092799;"112.4";112;4;1.8874
14239;1646092800;1648771199;"112.4";112;4;1.88653
14305;1648771200;1654041599;"112.4";112;4;1.87042
14359;1654041600;1656633599;"112.4";112;4;1.85609
14399;1656633600;1659311999;"112.4";112;4;1.85129
14439;1659312000;1661990399;"112.4";112;4;1.82999
14480;1661990400;1664582399;"112.4";112;4;1.81939
14519;1664582400;1667260799;"112.4";112;4;1.81779
14559;1667260800;1669852799;"112.4";112;4;1.81568
14625;1669852800;1672531199;"112.4";112;4;1.80622
14665;1672531200;1675209599;"112.4";112;4;1.79957
14705;1675209600;1677628799;"112.4";112;4;1.78343
14746;1677628800;1680307199;"112.4";112;4;1.78082
14775;1680307200;1682899199;"112.4";112;4;1.7857
14825;1682899200;1685577599;"112.4";112;4;1.79726
14863;1685577600;1688169599;"112.4";112;4;1.7948
14903;1688169600;1690847999;"112.4";112;4;1.79781
14963;1690848000;1693526399;"112.4";112;4;1.78573
15033;1693526400;1696118399;"112.4";112;4;1.80019
15074;1696118400;1698796799;"112.4";112;4;1.79834
15113;1698796800;1701388799;"112.4";112;4;1.80241
15153;1701388800;1704067199;"112.4";112;4;1.78117
15199;1704067200;1706745599;"112.4";112;4;1.7808
15233;1706745600;1709251199;"112.4";112;4;1.78432
15278;1709251200;1711929599;"112.4";112;4;1.78212
15313;1711929600;1714521599;"112.4";112;4;1.78375
15312;1714521600;4070908800;"112.4";112;4;1.78947
12541;1225497600;1228089599;"278.4";278;4;40.2667
12543;1228089600;1230767999;"278.4";278;4;40.7118
12545;1230768000;1233446399;"278.4";278;4;43.7298
12547;1233446400;1235865599;"278.4";278;4;48.9392
12549;1235865600;1238543999;"278.4";278;4;53.2212
12551;1238544000;1241135999;"278.4";278;4;50.3791
12553;1241136000;1243814399;"278.4";278;4;50.1819
12555;1243814400;1246406399;"278.4";278;4;48.1844
12557;1246406400;1249084799;"278.4";278;4;48.7555
12559;1249084800;1251763199;"278.4";278;4;48.4287
12561;1251763200;1254355199;"278.4";278;4;49.994
12563;1254355200;1257033599;"278.4";278;4;47.627
12565;1257033600;1259625599;"278.4";278;4;46.3229
12567;1259625600;1262303999;"278.4";278;4;46.1565
12569;1262304000;1264982399;"278.4";278;4;47.603
12571;1264982400;1267401599;"278.4";278;4;46.4313
12573;1267401600;1270079999;"278.4";278;4;46.1578
12575;1270080000;1272671999;"278.4";278;4;44.9089
12577;1272672000;1275350399;"278.4";278;4;44.2885
12579;1275350400;1277942399;"278.4";278;4;45.9367
12581;1277942400;1280620799;"278.4";278;4;45.6521
12583;1280620800;1283299199;"278.4";278;4;45.9692
12585;1283299200;1285891199;"278.4";278;4;46.1847
12587;1285891200;1288569599;"278.4";278;4;47.6883
12589;1288569600;1291161599;"278.4";278;4;47.9001
12591;1291161600;1293839999;"278.4";278;4;48.5232
12593;1293840000;1296518399;"278.4";278;4;46.7882
12595;1296518400;1298937599;"278.4";278;4;46.6551
12597;1298937600;1301615999;"278.4";278;4;45.7817
12599;1301616000;1304207999;"278.4";278;4;44.9018
12601;1304208000;1306886399;"278.4";278;4;44.8767
12603;1306886400;1309478399;"278.4";278;4;44.7567
12605;1309478400;1312156799;"278.4";278;4;44.5859
12607;1312156800;1314835199;"278.4";278;4;44.4731
12609;1314835200;1317427199;"278.4";278;4;46.7159
12611;1317427200;1320105599;"278.4";278;4;50.0631
12613;1320105600;1322697599;"278.4";278;4;49.3549
12615;1322697600;1325375999;"278.4";278;4;48.5743
12617;1325376000;1328054399;"278.4";278;4;48.1911
12619;1328054400;1330559999;"278.4";278;4;48.2551
12621;1330560000;1333238399;"278.4";278;4;46.0725
12623;1333238400;1335830399;"278.4";278;4;45.3358
12625;1335830400;1338508799;"278.4";278;4;45.5073
12627;1338508800;1341100799;"278.4";278;4;47.7801
12629;1341100800;1343779199;"278.4";278;4;50.7686
12631;1343779200;1346457599;"278.4";278;4;48.5824
12633;1346457600;1349049599;"278.4";278;4;48.1939
12635;1349049600;1351727999;"278.4";278;4;48.1682
12637;1351728000;1354319999;"278.4";278;4;47.8902
12639;1354320000;1356998399;"278.4";278;4;47.9336
12641;1356998400;1359676799;"278.4";278;4;47.3828
12643;1359676800;1362095999;"278.4";278;4;46.4634
12645;1362096000;1364774399;"278.4";278;4;46.0289
12647;1364774400;1367366399;"278.4";278;4;46.527
12649;1367366400;1370044799;"278.4";278;4;47.4965
12651;1370044800;1372636799;"278.4";278;4;46.9415
12653;1372636800;1375315199;"278.4";278;4;49.5938
12655;1375315200;1377993599;"278.4";278;4;48.741
12657;1377993600;1380585599;"278.4";278;4;50.2578
12659;1380585600;1383263999;"278.4";278;4;48.8911
12661;1383264000;1385855999;"278.4";278;4;49.0376
12663;1385856000;1388534399;"278.4";278;4;50.3768
12665;1388534400;1391212799;"278.4";278;4;50.6373
12667;1391212800;1393631999;"278.4";278;4;52.3015
12669;1393632000;1396310399;"278.4";278;4;55.0552
12671;1396310400;1398902399;"278.4";278;4;56.2423
12673;1398902400;1401580799;"278.4";278;4;55.2941
12675;1401580800;1404172799;"278.4";278;4;52.8986
12677;1404172800;1406851199;"278.4";278;4;52.8754
12679;1406851200;1409529599;"278.4";278;4;53.5544
12681;1409529600;1412121599;"278.4";278;4;54.7963
12683;1412121600;1414799999;"278.4";278;4;57.9404
12685;1414800000;1417391999;"278.4";278;4;61.6644
12687;1417392000;1420070399;"278.4";278;4;66.9501
12689;1420070400;1422748799;"278.4";278;4;79.159
12691;1422748800;1425167999;"278.4";278;4;88.8289
12693;1425168000;1427846399;"278.4";278;4;87.1133
12695;1427846400;1430438399;"278.4";278;4;82.4729
12697;1430438400;1433116799;"278.4";278;4;71.2997
12699;1433116800;1435708799;"278.4";278;4;70.0511
12701;1435708800;1438387199;"278.4";278;4;76.3015
12703;1438387200;1441065599;"278.4";278;4;80.0698
12705;1441065600;1443657599;"278.4";278;4;96.0882
12707;1443657600;1446335999;"278.4";278;4;92.6381
12709;1446336000;1448927999;"278.4";278;4;86.7243
12711;1448928000;1451606399;"278.4";278;4;90.2332
12713;1451606400;1454284799;"278.4";278;4;98.4388
12715;1454284800;1456790399;"278.4";278;4;111.124
12717;1456790400;1459468799;"278.4";278;4;107.233
12719;1459468800;1462060799;"278.4";278;4;94.5725
12721;1462060800;1464739199;"278.4";278;4;93.0804
12723;1464739200;1467331199;"278.4";278;4;94.2152
12725;1467331200;1470009599;"278.4";278;4;91.4545
12727;1470009600;1472687999;"278.4";278;4;89.5375
12729;1472688000;1475279999;"278.4";278;4;91.0946
12731;1475280000;1477958399;"278.4";278;4;89.3408
12733;1477958400;1480550399;"278.4";278;4;85.7773
12735;1480550400;1483228799;"278.4";278;4;86.6363
12737;1483228800;1485907199;"278.4";278;4;81.5242
12739;1485907200;1488326399;"278.4";278;4;80.8087
12741;1488326400;1491004799;"278.4";278;4;77.5332
12743;1491004800;1493596799;"278.4";278;4;78.3595
12745;1493596800;1496275199;"278.4";278;4;76.6471
12761;1496275200;1498867199;"278.4";278;4;78.2381
12795;1498867200;1501545599;"278.4";278;4;82.2978
12819;1501545600;1504223999;"278.4";278;4;82.6132
12859;1504224000;1506815999;"278.4";278;4;83.3521
12921;1506816000;1514764799;"278.4";278;4;80.8957
12939;1514764800;1517443199;"278.4";278;4;82.558
12955;1517443200;1519862399;"278.4";278;4;81.3405
12975;1519862400;1522540799;"278.4";278;4;82.2084
12995;1522540800;1525132799;"278.4";278;4;83.1269
13021;1525132800;1527811199;"278.4";278;4;89.3551
13035;1527811200;1530403199;"278.4";278;4;87.3416
13057;1530403200;1533081599;"278.4";278;4;89.2618
13075;1533081600;1535759999;"278.4";278;4;88.8992
13099;1535760000;1538351999;"278.4";278;4;95.7249
13117;1538352000;1541030399;"278.4";278;4;93.0908
13165;1541030400;1543622399;"278.4";278;4;90.7836
13197;1543622400;1546300799;"278.4";278;4;91.3776
13215;1546300800;1548979199;"278.4";278;4;94.353
13237;1548979200;1551398399;"278.4";278;4;92.3497
13255;1551398400;1554076799;"278.4";278;4;91.1693
13295;1554076800;1556668799;"278.4";278;4;88.7493
13315;1556668800;1559347199;"278.4";278;4;88.4909
13343;1559347200;1561939199;"278.4";278;4;88.776
13355;1561939200;1564617599;"278.4";278;4;87.5802
13375;1564617600;1567295999;"278.4";278;4;87.1103
13395;1567296000;1569887999;"278.4";278;4;89.882
13421;1569888000;1572566399;"278.4";278;4;87.46
13445;1572566400;1575158399;"278.4";278;4;87.7994
13455;1575158400;1577836799;"278.4";278;4;87.6155
13515;1577836800;1580515199;"278.4";278;4;87.692
13679;1580515200;1583020799;"278.4";278;4;85.4686
13841;1583020800;1601510399;"278.4";278;4;87.604
13861;1601510400;1604188799;"278.4";278;4;107.488
13883;1604188800;1606780799;"278.4";278;4;108.553
13911;1606780800;1609459199;"278.4";278;4;108.159
13927;1609459200;1612137599;"278.4";278;4;108.679
13937;1612137600;1614556799;"278.4";278;4;107.263
13957;1614556800;1617235199;"278.4";278;4;106.735
13977;1617235200;1619827199;"278.4";278;4;107.49
13997;1619827200;1622505599;"278.4";278;4;107.774
14017;1622505600;1625097599;"278.4";278;4;106.322
14037;1625097600;1627775999;"278.4";278;4;103.809
14057;1627776000;1630454399;"278.4";278;4;104.762
14077;1630454400;1633046399;"278.4";278;4;105.062
14097;1633046400;1635724799;"278.4";278;4;103.196
14117;1635724800;1638316799;"278.4";278;4;100.271
14157;1638316800;1640995199;"278.4";278;4;104.374
14177;1640995200;1643673599;"278.4";278;4;102.672
14197;1643673600;1646092799;"278.4";278;4;107.522
14237;1646092800;1648771199;"278.4";278;4;112.754
14281;1648771200;1651363199;"278.4";278;4;142.214
14299;1651363200;1654041599;"278.4";278;4;99.973
14369;1654041600;1656633599;"278.4";278;4;78.5632
14397;1656633600;1659311999;"278.4";278;4;71.147
14437;1659312000;1661990399;"278.4";278;4;75.4933
14478;1661990400;1664582399;"278.4";278;4;78.0007
14517;1664582400;1667260799;"278.4";278;4;74.366
14557;1667260800;1669852799;"278.4";278;4;77.8859
14623;1669852800;1672531199;"278.4";278;4;79.1916
14663;1672531200;1675209599;"278.4";278;4;91.3968
14703;1675209600;1677628799;"278.4";278;4;92.6604
14744;1677628800;1680307199;"278.4";278;4;99.5312
14777;1680307200;1682899199;"278.4";278;4;102.839
14823;1682899200;1685577599;"278.4";278;4;109.85
14861;1685577600;1688169599;"278.4";278;4;106.929
14901;1688169600;1690847999;"278.4";278;4;112.111
14961;1690848000;1693526399;"278.4";278;4;121.648
15035;1693526400;1696118399;"278.4";278;4;125.342
15076;1696118400;1698796799;"278.4";278;4;126.384
15115;1698796800;1701388799;"278.4";278;4;124.31
15155;1701388800;1704067199;"278.4";278;4;117.34
15193;1704067200;1706745599;"278.4";278;4;123.389
15235;1706745600;1709251199;"278.4";278;4;117.037
15282;1709251200;1711929599;"278.4";278;4;123.247
15315;1711929600;1714521599;"278.4";278;4;122.622
15314;1714521600;4070908800;"278.4";278;4;122.635
14214;1640995200;4070908800;"345.4";345;4;1
13134;1514764800;4070908800;"401.4";401;4;1
13571;1546300800;4070908800;"401.115";401;115;1
13598;1546300800;4070908800;"401.349";401;349;1
